major_group,analysis_group,condition,source_condition,replicate,sample_id,cell_id,experiment,n_radius_points,radius_min,radius_max,auc,actuator,stimulation,ligand,is_primary_condition,normalization_reference,matched_control_reference_raw_auc
Group I: treatment condition,Group I (Treatment condition),DREADD_CNO,DREADD/CNO,1,,DREADD/CNO__r1__sNA,DREADD_rep1,53,10.0,270.0,1.4533333333333334,DREADD,Stimulated,CNO,True,matched_control_median,1312.5
Group I: treatment condition,Group I (Treatment condition),DREADD_CNO,DREADD/CNO,2,,DREADD/CNO__r2__sNA,DREADD_rep2,46,10.0,235.0,1.3466666666666667,DREADD,Stimulated,CNO,True,matched_control_median,1312.5
Group I: treatment condition,Group I (Treatment condition),DREADD_CNO,DREADD/CNO,3,,DREADD/CNO__r3__sNA,DREADD_rep3,48,10.0,245.0,0.7180952380952381,DREADD,Stimulated,CNO,True,matched_control_median,1312.5
Group I: treatment condition,Group I (Treatment condition),DREADD_CNO,DREADD/CNO,4,,DREADD/CNO__r4__sNA,DREADD_rep4,34,15.0,180.0,0.9828571428571429,DREADD,Stimulated,CNO,True,matched_control_median,1312.5
Group I: treatment condition,Group I (Treatment condition),DREADD_CNO,DREADD/CNO,5,,DREADD/CNO__r5__sNA,DREADD_rep5,55,10.0,280.0,0.8742857142857143,DREADD,Stimulated,CNO,True,matched_control_median,1312.5
Group I: treatment condition,Group I (Treatment condition),DREADD_CNO,DREADD/CNO,6,,DREADD/CNO__r6__sNA,DREADD_rep6,52,15.0,270.0,1.6266666666666667,DREADD,Stimulated,CNO,True,matched_control_median,1312.5
Group I: treatment condition,Group I (Treatment condition),DREADD_CNO,DREADD/CNO,7,,DREADD/CNO__r7__sNA,DREADD_rep7,51,15.0,265.0,0.9066666666666666,DREADD,Stimulated,CNO,True,matched_control_median,1312.5
Group I: treatment condition,Group I (Treatment condition),DREADD_CNO,DREADD/CNO,8,,DREADD/CNO__r8__sNA,DREADD_rep8,52,10.0,265.0,1.3676190476190475,DREADD,Stimulated,CNO,True,matched_control_median,1312.5
Group I: treatment condition,Group I (Treatment condition),DREADD_CNO,DREADD/CNO,9,,DREADD/CNO__r9__sNA,DREADD_rep9,56,10.0,285.0,1.118095238095238,DREADD,Stimulated,CNO,True,matched_control_median,1312.5
Group I: treatment condition,Group I (Treatment condition),DREADD_CNO,DREADD/CNO,10,,DREADD/CNO__r10__sNA,DREADD_rep10,58,15.0,300.0,1.0457142857142858,DREADD,Stimulated,CNO,True,matched_control_median,1312.5
Group I: treatment condition,Group I (Treatment condition),DREADD_CNO,DREADD/CNO,11,,DREADD/CNO__r11__sNA,DREADD_rep11,43,15.0,225.0,1.0666666666666667,DREADD,Stimulated,CNO,True,matched_control_median,1312.5
Group I: treatment condition,Group I (Treatment condition),DREADD_CNO,DREADD/CNO,12,,DREADD/CNO__r12__sNA,DREADD_rep12,57,15.0,295.0,1.2647619047619048,DREADD,Stimulated,CNO,True,matched_control_median,1312.5
Group I: treatment condition,Group I (Treatment condition),EYFP_Control_Media,CONTROL/MEDIA,1,,CONTROL/MEDIA__r1__sNA,EYFP_rep1,51,10.0,260.0,1.041904761904762,EYFP,Stimulated,none,False,matched_control_median,1312.5
Group I: treatment condition,Group I (Treatment condition),EYFP_Control_Media,CONTROL/MEDIA,2,,CONTROL/MEDIA__r2__sNA,EYFP_rep2,39,10.0,200.0,0.4876190476190476,EYFP,Stimulated,none,False,matched_control_median,1312.5
Group I: treatment condition,Group I (Treatment condition),EYFP_Control_Media,CONTROL/MEDIA,3,,CONTROL/MEDIA__r3__sNA,EYFP_rep3,53,15.0,275.0,0.699047619047619,EYFP,Stimulated,none,False,matched_control_median,1312.5
Group I: treatment condition,Group I (Treatment condition),EYFP_Control_Media,CONTROL/MEDIA,4,,CONTROL/MEDIA__r4__sNA,EYFP_rep4,49,10.0,250.0,0.758095238095238,EYFP,Stimulated,none,False,matched_control_median,1312.5
Group I: treatment condition,Group I (Treatment condition),EYFP_Control_Media,CONTROL/MEDIA,5,,CONTROL/MEDIA__r5__sNA,EYFP_rep5,65,10.0,330.0,1.28,EYFP,Stimulated,none,False,matched_control_median,1312.5
Group I: treatment condition,Group I (Treatment condition),EYFP_Control_Media,CONTROL/MEDIA,6,,CONTROL/MEDIA__r6__sNA,EYFP_rep6,45,10.0,230.0,0.6914285714285714,EYFP,Stimulated,none,False,matched_control_median,1312.5
Group I: treatment condition,Group I (Treatment condition),EYFP_Control_Media,CONTROL/MEDIA,7,,CONTROL/MEDIA__r7__sNA,EYFP_rep7,50,15.0,260.0,1.1028571428571428,EYFP,Stimulated,none,False,matched_control_median,1312.5
Group I: treatment condition,Group I (Treatment condition),EYFP_Control_Media,CONTROL/MEDIA,8,,CONTROL/MEDIA__r8__sNA,EYFP_rep8,53,10.0,270.0,1.5409523809523809,EYFP,Stimulated,none,False,matched_control_median,1312.5
Group I: treatment condition,Group I (Treatment condition),EYFP_Control_Media,CONTROL/MEDIA,9,,CONTROL/MEDIA__r9__sNA,EYFP_rep9,53,10.0,270.0,0.7238095238095238,EYFP,Stimulated,none,False,matched_control_median,1312.5
Group I: treatment condition,Group I (Treatment condition),EYFP_Control_Media,CONTROL/MEDIA,10,,CONTROL/MEDIA__r10__sNA,EYFP_rep10,59,15.0,305.0,1.5676190476190477,EYFP,Stimulated,none,False,matched_control_median,1312.5
Group I: treatment condition,Group I (Treatment condition),EYFP_Control_Media,CONTROL/MEDIA,11,,CONTROL/MEDIA__r11__sNA,EYFP_rep11,61,10.0,310.0,1.0,EYFP,Stimulated,none,False,matched_control_median,1312.5
Group I: treatment condition,Group I (Treatment condition),LMO7_hCTZ,LMO7/hCTZ,1,,LMO7/hCTZ__r1__sNA,LMO7_rep1,31,10.0,160.0,0.9466666666666667,LMO7,Stimulated,hCTZ,True,matched_control_median,1312.5
Group I: treatment condition,Group I (Treatment condition),LMO7_hCTZ,LMO7/hCTZ,2,,LMO7/hCTZ__r2__sNA,LMO7_rep2,37,10.0,190.0,1.1942857142857144,LMO7,Stimulated,hCTZ,True,matched_control_median,1312.5
Group I: treatment condition,Group I (Treatment condition),LMO7_hCTZ,LMO7/hCTZ,3,,LMO7/hCTZ__r3__sNA,LMO7_rep3,18,10.0,95.0,0.4819047619047619,LMO7,Stimulated,hCTZ,True,matched_control_median,1312.5
Group I: treatment condition,Group I (Treatment condition),LMO7_hCTZ,LMO7/hCTZ,4,,LMO7/hCTZ__r4__sNA,LMO7_rep4,50,10.0,255.0,1.198095238095238,LMO7,Stimulated,hCTZ,True,matched_control_median,1312.5
Group I: treatment condition,Group I (Treatment condition),LMO7_hCTZ,LMO7/hCTZ,5,,LMO7/hCTZ__r5__sNA,LMO7_rep5,31,5.0,155.0,1.0761904761904761,LMO7,Stimulated,hCTZ,True,matched_control_median,1312.5
Group I: treatment condition,Group I (Treatment condition),LMO7_hCTZ,LMO7/hCTZ,6,,LMO7/hCTZ__r6__sNA,LMO7_rep6,26,10.0,135.0,0.979047619047619,LMO7,Stimulated,hCTZ,True,matched_control_median,1312.5
Group I: treatment condition,Group I (Treatment condition),LMO7_hCTZ,LMO7/hCTZ,7,,LMO7/hCTZ__r7__sNA,LMO7_rep7,46,10.0,235.0,1.020952380952381,LMO7,Stimulated,hCTZ,True,matched_control_median,1312.5
Group I: treatment condition,Group I (Treatment condition),LMO7_hCTZ,LMO7/hCTZ,8,,LMO7/hCTZ__r8__sNA,LMO7_rep8,38,10.0,195.0,1.2114285714285715,LMO7,Stimulated,hCTZ,True,matched_control_median,1312.5
Group I: treatment condition,Group I (Treatment condition),LMO7_hCTZ,LMO7/hCTZ,9,,LMO7/hCTZ__r9__sNA,LMO7_rep9,50,10.0,255.0,1.198095238095238,LMO7,Stimulated,hCTZ,True,matched_control_median,1312.5
Group I: treatment condition,Group I (Treatment condition),PSAM_uPSEM,PSAM/uPSEM,1,,PSAM/uPSEM__r1__sNA,PSAM_rep1,51,10.0,260.0,0.8876190476190476,PSAM,Stimulated,uPSEM,True,matched_control_median,1312.5
Group I: treatment condition,Group I (Treatment condition),PSAM_uPSEM,PSAM/uPSEM,2,,PSAM/uPSEM__r2__sNA,PSAM_rep2,60,10.0,305.0,1.4590476190476191,PSAM,Stimulated,uPSEM,True,matched_control_median,1312.5
Group I: treatment condition,Group I (Treatment condition),PSAM_uPSEM,PSAM/uPSEM,3,,PSAM/uPSEM__r3__sNA,PSAM_rep3,47,15.0,245.0,0.7219047619047619,PSAM,Stimulated,uPSEM,True,matched_control_median,1312.5
Group I: treatment condition,Group I (Treatment condition),PSAM_uPSEM,PSAM/uPSEM,4,,PSAM/uPSEM__r4__sNA,PSAM_rep4,47,10.0,240.0,0.7409523809523809,PSAM,Stimulated,uPSEM,True,matched_control_median,1312.5
Group I: treatment condition,Group I (Treatment condition),PSAM_uPSEM,PSAM/uPSEM,5,,PSAM/uPSEM__r5__sNA,PSAM_rep5,35,15.0,185.0,0.7371428571428571,PSAM,Stimulated,uPSEM,True,matched_control_median,1312.5
Group I: treatment condition,Group I (Treatment condition),PSAM_uPSEM,PSAM/uPSEM,6,,PSAM/uPSEM__r6__sNA,PSAM_rep6,42,10.0,215.0,0.6895238095238095,PSAM,Stimulated,uPSEM,True,matched_control_median,1312.5
Group I: treatment condition,Group I (Treatment condition),PSAM_uPSEM,PSAM/uPSEM,7,,PSAM/uPSEM__r7__sNA,PSAM_rep7,48,10.0,245.0,0.6419047619047619,PSAM,Stimulated,uPSEM,True,matched_control_median,1312.5
Group I: treatment condition,Group I (Treatment condition),PSAM_uPSEM,PSAM/uPSEM,8,,PSAM/uPSEM__r8__sNA,PSAM_rep8,48,20.0,255.0,0.7676190476190476,PSAM,Stimulated,uPSEM,True,matched_control_median,1312.5
Group I: treatment condition,Group I (Treatment condition),PSAM_uPSEM,PSAM/uPSEM,9,,PSAM/uPSEM__r9__sNA,PSAM_rep9,54,10.0,275.0,1.5504761904761906,PSAM,Stimulated,uPSEM,True,matched_control_median,1312.5
Group I: treatment condition,Group I (Treatment condition),PSAM_uPSEM,PSAM/uPSEM,10,,PSAM/uPSEM__r10__sNA,PSAM_rep10,57,10.0,290.0,0.7771428571428571,PSAM,Stimulated,uPSEM,True,matched_control_median,1312.5
Group I: treatment condition,Group I (Treatment condition),PSAM_uPSEM,PSAM/uPSEM,11,,PSAM/uPSEM__r11__sNA,PSAM_rep11,53,10.0,270.0,0.6819047619047619,PSAM,Stimulated,uPSEM,True,matched_control_median,1312.5
Group I: treatment condition,Group I (Treatment condition),PSAM_uPSEM,PSAM/uPSEM,12,,PSAM/uPSEM__r12__sNA,PSAM_rep12,74,15.0,380.0,1.1466666666666667,PSAM,Stimulated,uPSEM,True,matched_control_median,1312.5
Group II: vehicle condition,Group II (Vehicle condition),DREADD_Vehicle,DREADD,1,,DREADD__r1__sNA,DREADD_rep1,41,15.0,215.0,0.8445706174591909,DREADD,Vehicle,none,True,matched_control_median,1761.25
Group II: vehicle condition,Group II (Vehicle condition),DREADD_Vehicle,DREADD,2,,DREADD__r2__sNA,DREADD_rep2,59,10.0,300.0,1.3910574875798438,DREADD,Vehicle,none,True,matched_control_median,1761.25
Group II: vehicle condition,Group II (Vehicle condition),DREADD_Vehicle,DREADD,3,,DREADD__r3__sNA,DREADD_rep3,58,15.0,300.0,0.9538679914833215,DREADD,Vehicle,none,True,matched_control_median,1761.25
Group II: vehicle condition,Group II (Vehicle condition),DREADD_Vehicle,DREADD,4,,DREADD__r4__sNA,DREADD_rep4,57,15.0,295.0,1.0816181689141235,DREADD,Vehicle,none,True,matched_control_median,1761.25
Group II: vehicle condition,Group II (Vehicle condition),DREADD_Vehicle,DREADD,5,,DREADD__r5__sNA,DREADD_rep5,54,15.0,280.0,0.8190205819730305,DREADD,Vehicle,none,True,matched_control_median,1761.25
Group II: vehicle condition,Group II (Vehicle condition),DREADD_Vehicle,DREADD,6,,DREADD__r6__sNA,DREADD_rep6,54,20.0,285.0,0.9921930447125621,DREADD,Vehicle,none,True,matched_control_median,1761.25
Group II: vehicle condition,Group II (Vehicle condition),DREADD_Vehicle,DREADD,7,,DREADD__r7__sNA,DREADD_rep7,57,15.0,295.0,0.6557842441447835,DREADD,Vehicle,none,True,matched_control_median,1761.25
Group II: vehicle condition,Group II (Vehicle condition),DREADD_Vehicle,DREADD,8,,DREADD__r8__sNA,DREADD_rep8,50,10.0,255.0,0.8062455642299503,DREADD,Vehicle,none,True,matched_control_median,1761.25
Group II: vehicle condition,Group II (Vehicle condition),DREADD_Vehicle,DREADD,9,,DREADD__r9__sNA,DREADD_rep9,59,10.0,300.0,1.0475514549325764,DREADD,Vehicle,none,True,matched_control_median,1761.25
Group II: vehicle condition,Group II (Vehicle condition),EYFP_Control,CONTROL,1,371.1,CONTROL__r1__s371.1,371.1,67,10.0,340.0,0.9439318665720369,EYFP,Vehicle,none,False,matched_control_median,1761.25
Group II: vehicle condition,Group II (Vehicle condition),EYFP_Control,CONTROL,2,371.2,CONTROL__r2__s371.2,371.2,55,10.0,280.0,0.8176011355571328,EYFP,Vehicle,none,False,matched_control_median,1761.25
Group II: vehicle condition,Group II (Vehicle condition),EYFP_Control,CONTROL,3,371.3,CONTROL__r3__s371.3,371.3,62,15.0,320.0,1.8907026259758695,EYFP,Vehicle,none,False,matched_control_median,1761.25
Group II: vehicle condition,Group II (Vehicle condition),EYFP_Control,CONTROL,4,371.4,CONTROL__r4__s371.4,371.4,70,10.0,355.0,1.5017743080198722,EYFP,Vehicle,none,False,matched_control_median,1761.25
Group II: vehicle condition,Group II (Vehicle condition),EYFP_Control,CONTROL,5,371.5,CONTROL__r5__s371.5,371.5,85,10.0,430.0,0.9709013484740951,EYFP,Vehicle,none,False,matched_control_median,1761.25
Group II: vehicle condition,Group II (Vehicle condition),EYFP_Control,CONTROL,6,371.6,CONTROL__r6__s371.6,371.6,107,10.0,540.0,1.6692689850958127,EYFP,Vehicle,none,False,matched_control_median,1761.25
Group II: vehicle condition,Group II (Vehicle condition),EYFP_Control,CONTROL,7,371.7,CONTROL__r7__s371.7,371.7,81,10.0,410.0,1.6011355571327182,EYFP,Vehicle,none,False,matched_control_median,1761.25
Group II: vehicle condition,Group II (Vehicle condition),EYFP_Control,CONTROL,8,371.8,CONTROL__r8__s371.8,371.8,39,10.0,200.0,0.7934705464868701,EYFP,Vehicle,none,False,matched_control_median,1761.25
Group II: vehicle condition,Group II (Vehicle condition),EYFP_Control,CONTROL,9,371.9,CONTROL__r9__s371.9,371.9,61,10.0,310.0,1.4350603264726756,EYFP,Vehicle,none,False,matched_control_median,1761.25
Group II: vehicle condition,Group II (Vehicle condition),EYFP_Control,CONTROL,10,371.1,CONTROL__r10__s371.1,371.1,46,10.0,235.0,0.9453513129879347,EYFP,Vehicle,none,False,matched_control_median,1761.25
Group II: vehicle condition,Group II (Vehicle condition),EYFP_Control,CONTROL,11,371.11,CONTROL__r11__s371.11,371.11,58,10.0,295.0,0.6160397444996452,EYFP,Vehicle,none,False,matched_control_median,1761.25
Group II: vehicle condition,Group II (Vehicle condition),EYFP_Control,CONTROL,12,371.12,CONTROL__r12__s371.12,371.12,47,15.0,245.0,1.0290986515259049,EYFP,Vehicle,none,False,matched_control_median,1761.25
Group II: vehicle condition,Group II (Vehicle condition),LMO7_Vehicle,LMO7,1,353.1,LMO7__r1__s353.1,LMO7_rep1,27,10.0,140.0,0.8672817601135557,LMO7,Vehicle,none,True,matched_control_median,1761.25
Group II: vehicle condition,Group II (Vehicle condition),LMO7_Vehicle,LMO7,2,353.4,LMO7__r2__s353.4,LMO7_rep2,49,15.0,255.0,1.226401703335699,LMO7,Vehicle,none,True,matched_control_median,1761.25
Group II: vehicle condition,Group II (Vehicle condition),LMO7_Vehicle,LMO7,3,353.5,LMO7__r3__s353.5,LMO7_rep3,35,10.0,180.0,1.1611071682044003,LMO7,Vehicle,none,True,matched_control_median,1761.25
Group II: vehicle condition,Group II (Vehicle condition),LMO7_Vehicle,LMO7,4,353.6,LMO7__r4__s353.6,LMO7_rep4,41,10.0,210.0,0.9396735273243435,LMO7,Vehicle,none,True,matched_control_median,1761.25
Group II: vehicle condition,Group II (Vehicle condition),LMO7_Vehicle,LMO7,5,353.7,LMO7__r5__s353.7,LMO7_rep5,49,10.0,250.0,1.6962384669978707,LMO7,Vehicle,none,True,matched_control_median,1761.25
Group II: vehicle condition,Group II (Vehicle condition),LMO7_Vehicle,LMO7,6,353.8,LMO7__r6__s353.8,LMO7_rep6,52,15.0,270.0,0.7466288147622427,LMO7,Vehicle,none,True,matched_control_median,1761.25
Group II: vehicle condition,Group II (Vehicle condition),LMO7_Vehicle,LMO7,7,353.1,LMO7__r7__s353.1,LMO7_rep7,48,10.0,245.0,0.9141234918381831,LMO7,Vehicle,none,True,matched_control_median,1761.25
Group II: vehicle condition,Group II (Vehicle condition),LMO7_Vehicle,LMO7,8,353.11,LMO7__r8__s353.11,LMO7_rep8,34,5.0,170.0,0.9623846699787083,LMO7,Vehicle,none,True,matched_control_median,1761.25
Group II: vehicle condition,Group II (Vehicle condition),LMO7_Vehicle,LMO7,9,353.12,LMO7__r9__s353.12,LMO7_rep9,22,10.0,115.0,0.35060326472675657,LMO7,Vehicle,none,True,matched_control_median,1761.25
Group II: vehicle condition,Group II (Vehicle condition),LMO7_Vehicle,LMO7,10,353.14,LMO7__r10__s353.14,LMO7_rep10,38,10.0,195.0,1.2434350603264728,LMO7,Vehicle,none,True,matched_control_median,1761.25
Group II: vehicle condition,Group II (Vehicle condition),LMO7_Vehicle,LMO7,11,353.15,LMO7__r11__s353.15,LMO7_rep11,25,10.0,130.0,0.9041873669268985,LMO7,Vehicle,none,True,matched_control_median,1761.25
Group II: vehicle condition,Group II (Vehicle condition),PSAM_Vehicle,PSAM,1,,PSAM__r1__sNA,PSAM_rep1,57,20.0,300.0,0.8133427963094393,PSAM,Vehicle,none,True,matched_control_median,1761.25
Group II: vehicle condition,Group II (Vehicle condition),PSAM_Vehicle,PSAM,2,,PSAM__r2__sNA,PSAM_rep2,77,15.0,395.0,1.1724627395315828,PSAM,Vehicle,none,True,matched_control_median,1761.25
Group II: vehicle condition,Group II (Vehicle condition),PSAM_Vehicle,PSAM,3,,PSAM__r3__sNA,PSAM_rep3,69,20.0,360.0,0.7764371894960965,PSAM,Vehicle,none,True,matched_control_median,1761.25
Group II: vehicle condition,Group II (Vehicle condition),PSAM_Vehicle,PSAM,4,,PSAM__r4__sNA,PSAM_rep4,73,15.0,375.0,0.7991483321504613,PSAM,Vehicle,none,True,matched_control_median,1761.25
Group II: vehicle condition,Group II (Vehicle condition),PSAM_Vehicle,PSAM,5,,PSAM__r5__sNA,PSAM_rep5,58,15.0,300.0,0.7849538679914834,PSAM,Vehicle,none,True,matched_control_median,1761.25
Group II: vehicle condition,Group II (Vehicle condition),PSAM_Vehicle,PSAM,6,,PSAM__r6__sNA,PSAM_rep6,51,20.0,270.0,0.41447835344215755,PSAM,Vehicle,none,True,matched_control_median,1761.25
Group II: vehicle condition,Group II (Vehicle condition),PSAM_Vehicle,PSAM,7,,PSAM__r7__sNA,PSAM_rep7,31,10.0,160.0,0.39318665720369056,PSAM,Vehicle,none,True,matched_control_median,1761.25
Group II: vehicle condition,Group II (Vehicle condition),PSAM_Vehicle,PSAM,8,,PSAM__r8__sNA,PSAM_rep8,46,10.0,235.0,0.8630234208658624,PSAM,Vehicle,none,True,matched_control_median,1761.25
Group II: vehicle condition,Group II (Vehicle condition),PSAM_Vehicle,PSAM,9,,PSAM__r9__sNA,PSAM_rep9,56,10.0,285.0,0.631653655074521,PSAM,Vehicle,none,True,matched_control_median,1761.25
Group II: vehicle condition,Group II (Vehicle condition),PSAM_Vehicle,PSAM,10,,PSAM__r10__sNA,PSAM_rep10,73,15.0,375.0,0.7806955287437899,PSAM,Vehicle,none,True,matched_control_median,1761.25
Group III: ligand/media-only control,Group III (Ligand/media-only control),None_CNO,CNO,1,,CNO__r1__sNA,NoActuator_rep1,61,5.0,305.0,0.5407821229050279,NoActuator,Stimulated,CNO,False,matched_control_median,2237.5
Group III: ligand/media-only control,Group III (Ligand/media-only control),None_CNO,CNO,2,,CNO__r2__sNA,NoActuator_rep2,16,5.0,80.0,0.32849162011173183,NoActuator,Stimulated,CNO,False,matched_control_median,2237.5
Group III: ligand/media-only control,Group III (Ligand/media-only control),None_CNO,CNO,3,,CNO__r3__sNA,NoActuator_rep3,39,5.0,195.0,1.158659217877095,NoActuator,Stimulated,CNO,False,matched_control_median,2237.5
Group III: ligand/media-only control,Group III (Ligand/media-only control),None_CNO,CNO,4,,CNO__r4__sNA,NoActuator_rep4,30,5.0,150.0,0.6,NoActuator,Stimulated,CNO,False,matched_control_median,2237.5
Group III: ligand/media-only control,Group III (Ligand/media-only control),None_CNO,CNO,5,,CNO__r5__sNA,NoActuator_rep5,36,5.0,180.0,0.9843575418994414,NoActuator,Stimulated,CNO,False,matched_control_median,2237.5
Group III: ligand/media-only control,Group III (Ligand/media-only control),None_CNO,CNO,6,,CNO__r6__sNA,NoActuator_rep6,70,5.0,350.0,0.9597765363128492,NoActuator,Stimulated,CNO,False,matched_control_median,2237.5
Group III: ligand/media-only control,Group III (Ligand/media-only control),None_CNO,CNO,7,,CNO__r7__sNA,NoActuator_rep7,30,5.0,150.0,0.41899441340782123,NoActuator,Stimulated,CNO,False,matched_control_median,2237.5
Group III: ligand/media-only control,Group III (Ligand/media-only control),None_CNO,CNO,8,,CNO__r8__sNA,NoActuator_rep8,49,5.0,245.0,0.9865921787709497,NoActuator,Stimulated,CNO,False,matched_control_median,2237.5
Group III: ligand/media-only control,Group III (Ligand/media-only control),None_CNO,CNO,9,,CNO__r9__sNA,NoActuator_rep9,33,5.0,165.0,0.21564245810055865,NoActuator,Stimulated,CNO,False,matched_control_median,2237.5
Group III: ligand/media-only control,Group III (Ligand/media-only control),None_CNO,CNO,10,,CNO__r10__sNA,NoActuator_rep10,49,5.0,245.0,0.5798882681564246,NoActuator,Stimulated,CNO,False,matched_control_median,2237.5
Group III: ligand/media-only control,Group III (Ligand/media-only control),None_CNO,CNO,11,,CNO__r11__sNA,NoActuator_rep11,54,5.0,270.0,0.8692737430167597,NoActuator,Stimulated,CNO,False,matched_control_median,2237.5
Group III: ligand/media-only control,Group III (Ligand/media-only control),None_Vehicle,MEDIA,1,,MEDIA__r1__sNA,NoActuator_rep1,58,5.0,290.0,1.5899441340782123,NoActuator,Vehicle,none,False,matched_control_median,2237.5
Group III: ligand/media-only control,Group III (Ligand/media-only control),None_Vehicle,MEDIA,2,,MEDIA__r2__sNA,NoActuator_rep2,43,5.0,215.0,0.7642458100558659,NoActuator,Vehicle,none,False,matched_control_median,2237.5
Group III: ligand/media-only control,Group III (Ligand/media-only control),None_Vehicle,MEDIA,3,,MEDIA__r3__sNA,NoActuator_rep3,55,5.0,275.0,1.2502793296089385,NoActuator,Vehicle,none,False,matched_control_median,2237.5
Group III: ligand/media-only control,Group III (Ligand/media-only control),None_Vehicle,MEDIA,4,,MEDIA__r4__sNA,NoActuator_rep4,109,5.0,545.0,1.7195530726256982,NoActuator,Vehicle,none,False,matched_control_median,2237.5
Group III: ligand/media-only control,Group III (Ligand/media-only control),None_Vehicle,MEDIA,5,,MEDIA__r5__sNA,NoActuator_rep5,52,5.0,260.0,0.5262569832402234,NoActuator,Vehicle,none,False,matched_control_median,2237.5
Group III: ligand/media-only control,Group III (Ligand/media-only control),None_Vehicle,MEDIA,6,,MEDIA__r6__sNA,NoActuator_rep6,53,5.0,265.0,0.4145251396648045,NoActuator,Vehicle,none,False,matched_control_median,2237.5
Group III: ligand/media-only control,Group III (Ligand/media-only control),None_Vehicle,MEDIA,7,,MEDIA__r7__sNA,NoActuator_rep7,52,5.0,260.0,1.0,NoActuator,Vehicle,none,False,matched_control_median,2237.5
Group III: ligand/media-only control,Group III (Ligand/media-only control),None_Vehicle,MEDIA,8,,MEDIA__r8__sNA,NoActuator_rep8,52,5.0,260.0,0.9955307262569832,NoActuator,Vehicle,none,False,matched_control_median,2237.5
Group III: ligand/media-only control,Group III (Ligand/media-only control),None_Vehicle,MEDIA,9,,MEDIA__r9__sNA,NoActuator_rep9,107,5.0,535.0,1.4379888268156424,NoActuator,Vehicle,none,False,matched_control_median,2237.5
Group III: ligand/media-only control,Group III (Ligand/media-only control),None_Vehicle,MEDIA,10,,MEDIA__r10__sNA,NoActuator_rep10,56,5.0,280.0,0.9329608938547486,NoActuator,Vehicle,none,False,matched_control_median,2237.5
Group III: ligand/media-only control,Group III (Ligand/media-only control),None_Vehicle,MEDIA,11,,MEDIA__r11__sNA,NoActuator_rep11,68,5.0,340.0,1.1273743016759776,NoActuator,Vehicle,none,False,matched_control_median,2237.5
Group III: ligand/media-only control,Group III (Ligand/media-only control),None_hCTZ,hCTZ,1,,hCTZ__r1__sNA,NoActuator_rep1,63,0.0,310.0,0.9664804469273743,NoActuator,Stimulated,hCTZ,False,matched_control_median,2237.5
Group III: ligand/media-only control,Group III (Ligand/media-only control),None_hCTZ,hCTZ,2,,hCTZ__r2__sNA,NoActuator_rep2,86,0.0,425.0,1.705027932960894,NoActuator,Stimulated,hCTZ,False,matched_control_median,2237.5
Group III: ligand/media-only control,Group III (Ligand/media-only control),None_hCTZ,hCTZ,3,,hCTZ__r3__sNA,NoActuator_rep3,50,0.0,245.0,0.8681564245810056,NoActuator,Stimulated,hCTZ,False,matched_control_median,2237.5
Group III: ligand/media-only control,Group III (Ligand/media-only control),None_hCTZ,hCTZ,4,,hCTZ__r4__sNA,NoActuator_rep4,82,0.0,405.0,0.8905027932960894,NoActuator,Stimulated,hCTZ,False,matched_control_median,2237.5
Group III: ligand/media-only control,Group III (Ligand/media-only control),None_hCTZ,hCTZ,5,,hCTZ__r5__sNA,NoActuator_rep5,85,0.0,420.0,0.9094972067039107,NoActuator,Stimulated,hCTZ,False,matched_control_median,2237.5
Group III: ligand/media-only control,Group III (Ligand/media-only control),None_hCTZ,hCTZ,6,,hCTZ__r6__sNA,NoActuator_rep6,56,0.0,275.0,1.0670391061452513,NoActuator,Stimulated,hCTZ,False,matched_control_median,2237.5
Group III: ligand/media-only control,Group III (Ligand/media-only control),None_hCTZ,hCTZ,7,,hCTZ__r7__sNA,NoActuator_rep7,37,0.0,180.0,0.6536312849162011,NoActuator,Stimulated,hCTZ,False,matched_control_median,2237.5
Group III: ligand/media-only control,Group III (Ligand/media-only control),None_hCTZ,hCTZ,8,,hCTZ__r8__sNA,NoActuator_rep8,73,0.0,360.0,1.1396648044692737,NoActuator,Stimulated,hCTZ,False,matched_control_median,2237.5
Group III: ligand/media-only control,Group III (Ligand/media-only control),None_hCTZ,hCTZ,9,,hCTZ__r9__sNA,NoActuator_rep9,57,0.0,280.0,0.7184357541899441,NoActuator,Stimulated,hCTZ,False,matched_control_median,2237.5
Group III: ligand/media-only control,Group III (Ligand/media-only control),None_hCTZ,hCTZ,10,,hCTZ__r10__sNA,NoActuator_rep10,73,0.0,360.0,1.04804469273743,NoActuator,Stimulated,hCTZ,False,matched_control_median,2237.5
Group III: ligand/media-only control,Group III (Ligand/media-only control),None_hCTZ,hCTZ,11,,hCTZ__r11__sNA,NoActuator_rep11,43,0.0,210.0,1.0983240223463686,NoActuator,Stimulated,hCTZ,False,matched_control_median,2237.5
Group III: ligand/media-only control,Group III (Ligand/media-only control),None_hCTZ,hCTZ,12,,hCTZ__r12__sNA,NoActuator_rep12,48,0.0,235.0,1.4681564245810055,NoActuator,Stimulated,hCTZ,False,matched_control_median,2237.5
Group III: ligand/media-only control,Group III (Ligand/media-only control),None_uPSEM,uPSEM,1,,uPSEM__r1__sNA,NoActuator_rep1,66,5.0,330.0,1.1921787709497207,NoActuator,Stimulated,uPSEM,False,matched_control_median,2237.5
Group III: ligand/media-only control,Group III (Ligand/media-only control),None_uPSEM,uPSEM,2,,uPSEM__r2__sNA,NoActuator_rep2,36,5.0,180.0,0.47262569832402235,NoActuator,Stimulated,uPSEM,False,matched_control_median,2237.5
Group III: ligand/media-only control,Group III (Ligand/media-only control),None_uPSEM,uPSEM,3,,uPSEM__r3__sNA,NoActuator_rep3,33,5.0,165.0,0.5497206703910614,NoActuator,Stimulated,uPSEM,False,matched_control_median,2237.5
Group III: ligand/media-only control,Group III (Ligand/media-only control),None_uPSEM,uPSEM,4,,uPSEM__r4__sNA,NoActuator_rep4,44,5.0,220.0,0.48156424581005586,NoActuator,Stimulated,uPSEM,False,matched_control_median,2237.5
Group III: ligand/media-only control,Group III (Ligand/media-only control),None_uPSEM,uPSEM,5,,uPSEM__r5__sNA,NoActuator_rep5,33,5.0,165.0,0.4994413407821229,NoActuator,Stimulated,uPSEM,False,matched_control_median,2237.5
Group III: ligand/media-only control,Group III (Ligand/media-only control),None_uPSEM,uPSEM,6,,uPSEM__r6__sNA,NoActuator_rep6,47,5.0,235.0,0.3139664804469274,NoActuator,Stimulated,uPSEM,False,matched_control_median,2237.5
Group III: ligand/media-only control,Group III (Ligand/media-only control),None_uPSEM,uPSEM,7,,uPSEM__r7__sNA,NoActuator_rep7,37,5.0,185.0,0.5910614525139665,NoActuator,Stimulated,uPSEM,False,matched_control_median,2237.5
Group III: ligand/media-only control,Group III (Ligand/media-only control),None_uPSEM,uPSEM,8,,uPSEM__r8__sNA,NoActuator_rep8,33,5.0,165.0,0.906145251396648,NoActuator,Stimulated,uPSEM,False,matched_control_median,2237.5
Group III: ligand/media-only control,Group III (Ligand/media-only control),None_uPSEM,uPSEM,9,,uPSEM__r9__sNA,NoActuator_rep9,50,5.0,250.0,0.7385474860335196,NoActuator,Stimulated,uPSEM,False,matched_control_median,2237.5
