sensitivity_rank_lowest_anova_pvalue,removed_cell_id,removed_condition,removed_source_condition,removed_replicate,removed_experiment,removed_auc,n_after_removal,n_by_condition_after_removal,anova_f_statistic_after_removal,anova_pvalue_after_removal,pvalue_change_from_full_data,would_be_significant_alpha,alpha
1,PSAM/uPSEM__r9__sNA,PSAM_uPSEM,PSAM/uPSEM,9,PSAM_rep9,2035.0,43,DREADD_CNO:12 | LMO7_hCTZ:9 | PSAM_uPSEM:11 | EYFP_Control_Media:11,2.295968427403698,0.09277693720163745,-0.1600917334711518,False,0.05
2,PSAM/uPSEM__r2__sNA,PSAM_uPSEM,PSAM/uPSEM,2,PSAM_rep2,1915.0,43,DREADD_CNO:12 | LMO7_hCTZ:9 | PSAM_uPSEM:11 | EYFP_Control_Media:11,2.0919334755877927,0.11697832151550373,-0.13589034915728548,False,0.05
3,DREADD/CNO__r3__sNA,DREADD_CNO,DREADD/CNO,3,DREADD_rep3,942.5,43,DREADD_CNO:11 | LMO7_hCTZ:9 | PSAM_uPSEM:12 | EYFP_Control_Media:11,1.8827266103025422,0.14846558492555456,-0.10440308574723467,False,0.05
4,CONTROL/MEDIA__r10__sNA,EYFP_Control_Media,CONTROL/MEDIA,10,EYFP_rep10,2057.5,43,DREADD_CNO:12 | LMO7_hCTZ:9 | PSAM_uPSEM:12 | EYFP_Control_Media:10,1.7672200750977862,0.1693719470838695,-0.08349672358891974,False,0.05
5,CONTROL/MEDIA__r8__sNA,EYFP_Control_Media,CONTROL/MEDIA,8,EYFP_rep8,2022.5,43,DREADD_CNO:12 | LMO7_hCTZ:9 | PSAM_uPSEM:12 | EYFP_Control_Media:10,1.7339467469977976,0.17592333329085957,-0.07694533738192966,False,0.05
6,LMO7/hCTZ__r3__sNA,LMO7_hCTZ,LMO7/hCTZ,3,LMO7_rep3,632.5,43,DREADD_CNO:12 | LMO7_hCTZ:8 | PSAM_uPSEM:12 | EYFP_Control_Media:11,1.7235090390497363,0.1780300927333453,-0.07483857793944393,False,0.05
7,DREADD/CNO__r5__sNA,DREADD_CNO,DREADD/CNO,5,DREADD_rep5,1147.5,43,DREADD_CNO:11 | LMO7_hCTZ:9 | PSAM_uPSEM:12 | EYFP_Control_Media:11,1.6358145637571622,0.19675103319141632,-0.05611763748137291,False,0.05
8,DREADD/CNO__r7__sNA,DREADD_CNO,DREADD/CNO,7,DREADD_rep7,1190.0,43,DREADD_CNO:11 | LMO7_hCTZ:9 | PSAM_uPSEM:12 | EYFP_Control_Media:11,1.5912696278933276,0.2069952660293101,-0.04587340464347914,False,0.05
9,PSAM/uPSEM__r12__sNA,PSAM_uPSEM,PSAM/uPSEM,12,PSAM_rep12,1505.0,43,DREADD_CNO:12 | LMO7_hCTZ:9 | PSAM_uPSEM:11 | EYFP_Control_Media:11,1.587010920596395,0.2080018492514406,-0.044866821421348624,False,0.05
10,CONTROL/MEDIA__r5__sNA,EYFP_Control_Media,CONTROL/MEDIA,5,EYFP_rep5,1680.0,43,DREADD_CNO:12 | LMO7_hCTZ:9 | PSAM_uPSEM:12 | EYFP_Control_Media:10,1.4966131195461467,0.230542559252391,-0.022326111420398226,False,0.05
11,DREADD/CNO__r4__sNA,DREADD_CNO,DREADD/CNO,4,DREADD_rep4,1290.0,43,DREADD_CNO:11 | LMO7_hCTZ:9 | PSAM_uPSEM:12 | EYFP_Control_Media:11,1.4940958825942883,0.23120341206551692,-0.02166525860727231,False,0.05
12,CONTROL/MEDIA__r2__sNA,EYFP_Control_Media,CONTROL/MEDIA,2,EYFP_rep2,640.0,43,DREADD_CNO:12 | LMO7_hCTZ:9 | PSAM_uPSEM:12 | EYFP_Control_Media:10,1.4575615653744332,0.2410061558572563,-0.011862514815532937,False,0.05
13,DREADD/CNO__r10__sNA,DREADD_CNO,DREADD/CNO,10,DREADD_rep10,1372.5,43,DREADD_CNO:11 | LMO7_hCTZ:9 | PSAM_uPSEM:12 | EYFP_Control_Media:11,1.4212535101883945,0.25114989309091473,-0.0017187775818744977,False,0.05
14,CONTROL/MEDIA__r7__sNA,EYFP_Control_Media,CONTROL/MEDIA,7,EYFP_rep7,1447.5,43,DREADD_CNO:12 | LMO7_hCTZ:9 | PSAM_uPSEM:12 | EYFP_Control_Media:10,1.407596579535362,0.25507197779417884,0.0022033071213896083,False,0.05
15,DREADD/CNO__r11__sNA,DREADD_CNO,DREADD/CNO,11,DREADD_rep11,1400.0,43,DREADD_CNO:11 | LMO7_hCTZ:9 | PSAM_uPSEM:12 | EYFP_Control_Media:11,1.3983218448098964,0.25776942789851337,0.004900757225724139,False,0.05
16,LMO7/hCTZ__r1__sNA,LMO7_hCTZ,LMO7/hCTZ,1,LMO7_rep1,1242.5,43,DREADD_CNO:12 | LMO7_hCTZ:8 | PSAM_uPSEM:12 | EYFP_Control_Media:11,1.3943933745736539,0.2589203105358798,0.0060516398630905965,False,0.05
17,CONTROL/MEDIA__r1__sNA,EYFP_Control_Media,CONTROL/MEDIA,1,EYFP_rep1,1367.5,43,DREADD_CNO:12 | LMO7_hCTZ:9 | PSAM_uPSEM:12 | EYFP_Control_Media:10,1.3880798942490293,0.2607803569817786,0.007911686308989363,False,0.05
18,LMO7/hCTZ__r6__sNA,LMO7_hCTZ,LMO7/hCTZ,6,LMO7_rep6,1285.0,43,DREADD_CNO:12 | LMO7_hCTZ:8 | PSAM_uPSEM:12 | EYFP_Control_Media:11,1.3866785885524442,0.2611949567898418,0.00832628611705255,False,0.05
19,LMO7/hCTZ__r8__sNA,LMO7_hCTZ,LMO7/hCTZ,8,LMO7_rep8,1590.0,43,DREADD_CNO:12 | LMO7_hCTZ:8 | PSAM_uPSEM:12 | EYFP_Control_Media:11,1.38101179773256,0.26287809831748277,0.010009427644693536,False,0.05
20,LMO7/hCTZ__r7__sNA,LMO7_hCTZ,LMO7/hCTZ,7,LMO7_rep7,1340.0,43,DREADD_CNO:12 | LMO7_hCTZ:8 | PSAM_uPSEM:12 | EYFP_Control_Media:11,1.3792289616325009,0.2634098037599702,0.010541133087180965,False,0.05
21,LMO7/hCTZ__r4__sNA,LMO7_hCTZ,LMO7/hCTZ,4,LMO7_rep4,1572.5,43,DREADD_CNO:12 | LMO7_hCTZ:8 | PSAM_uPSEM:12 | EYFP_Control_Media:11,1.3789690181896748,0.2634874151640583,0.010618744491269094,False,0.05
22,LMO7/hCTZ__r9__sNA,LMO7_hCTZ,LMO7/hCTZ,9,LMO7_rep9,1572.5,43,DREADD_CNO:12 | LMO7_hCTZ:8 | PSAM_uPSEM:12 | EYFP_Control_Media:11,1.3789690181896748,0.2634874151640583,0.010618744491269094,False,0.05
23,LMO7/hCTZ__r2__sNA,LMO7_hCTZ,LMO7/hCTZ,2,LMO7_rep2,1567.5,43,DREADD_CNO:12 | LMO7_hCTZ:8 | PSAM_uPSEM:12 | EYFP_Control_Media:11,1.3784393779658224,0.2636456185862752,0.01077694791348599,False,0.05
24,CONTROL/MEDIA__r6__sNA,EYFP_Control_Media,CONTROL/MEDIA,6,EYFP_rep6,907.5,43,DREADD_CNO:12 | LMO7_hCTZ:9 | PSAM_uPSEM:12 | EYFP_Control_Media:10,1.3778634826899683,0.263817742800226,0.010949072127436787,False,0.05
25,CONTROL/MEDIA__r11__sNA,EYFP_Control_Media,CONTROL/MEDIA,11,EYFP_rep11,1312.5,43,DREADD_CNO:12 | LMO7_hCTZ:9 | PSAM_uPSEM:12 | EYFP_Control_Media:10,1.3777585524707623,0.26384911618051965,0.010980445507730419,False,0.05
26,CONTROL/MEDIA__r3__sNA,EYFP_Control_Media,CONTROL/MEDIA,3,EYFP_rep3,917.5,43,DREADD_CNO:12 | LMO7_hCTZ:9 | PSAM_uPSEM:12 | EYFP_Control_Media:10,1.3762052488129068,0.26431396568983007,0.011445295017040835,False,0.05
27,LMO7/hCTZ__r5__sNA,LMO7_hCTZ,LMO7/hCTZ,5,LMO7_rep5,1412.5,43,DREADD_CNO:12 | LMO7_hCTZ:8 | PSAM_uPSEM:12 | EYFP_Control_Media:11,1.3737304344963126,0.26505623000861983,0.0121875593358306,False,0.05
28,CONTROL/MEDIA__r9__sNA,EYFP_Control_Media,CONTROL/MEDIA,9,EYFP_rep9,950.0,43,DREADD_CNO:12 | LMO7_hCTZ:9 | PSAM_uPSEM:12 | EYFP_Control_Media:10,1.3714230238167695,0.2657501031197513,0.012881432446962049,False,0.05
29,CONTROL/MEDIA__r4__sNA,EYFP_Control_Media,CONTROL/MEDIA,4,EYFP_rep4,995.0,43,DREADD_CNO:12 | LMO7_hCTZ:9 | PSAM_uPSEM:12 | EYFP_Control_Media:10,1.3663090368460895,0.26729422746253845,0.014425556789749217,False,0.05
30,DREADD/CNO__r9__sNA,DREADD_CNO,DREADD/CNO,9,DREADD_rep9,1467.5,43,DREADD_CNO:11 | LMO7_hCTZ:9 | PSAM_uPSEM:12 | EYFP_Control_Media:11,1.3447038036258914,0.2739140087854689,0.021045338112679668,False,0.05
31,PSAM/uPSEM__r1__sNA,PSAM_uPSEM,PSAM/uPSEM,1,PSAM_rep1,1165.0,43,DREADD_CNO:12 | LMO7_hCTZ:9 | PSAM_uPSEM:11 | EYFP_Control_Media:11,1.31632450483828,0.2828500047078434,0.029981334035054152,False,0.05
32,PSAM/uPSEM__r10__sNA,PSAM_uPSEM,PSAM/uPSEM,10,PSAM_rep10,1020.0,43,DREADD_CNO:12 | LMO7_hCTZ:9 | PSAM_uPSEM:11 | EYFP_Control_Media:11,1.2290690482446711,0.3121099961173897,0.05924132544460048,False,0.05
33,PSAM/uPSEM__r8__sNA,PSAM_uPSEM,PSAM/uPSEM,8,PSAM_rep8,1007.5,43,DREADD_CNO:12 | LMO7_hCTZ:9 | PSAM_uPSEM:11 | EYFP_Control_Media:11,1.222220598546452,0.3145247800127394,0.061656109339950194,False,0.05
34,DREADD/CNO__r12__sNA,DREADD_CNO,DREADD/CNO,12,DREADD_rep12,1660.0,43,DREADD_CNO:11 | LMO7_hCTZ:9 | PSAM_uPSEM:12 | EYFP_Control_Media:11,1.2106107227385228,0.31865898971813716,0.06579031904534793,False,0.05
35,PSAM/uPSEM__r4__sNA,PSAM_uPSEM,PSAM/uPSEM,4,PSAM_rep4,972.5,43,DREADD_CNO:12 | LMO7_hCTZ:9 | PSAM_uPSEM:11 | EYFP_Control_Media:11,1.2035868332954407,0.32118508987460137,0.06831641920181214,False,0.05
36,PSAM/uPSEM__r5__sNA,PSAM_uPSEM,PSAM/uPSEM,5,PSAM_rep5,967.5,43,DREADD_CNO:12 | LMO7_hCTZ:9 | PSAM_uPSEM:11 | EYFP_Control_Media:11,1.2009892880508182,0.322124071155849,0.06925540048305978,False,0.05
37,PSAM/uPSEM__r3__sNA,PSAM_uPSEM,PSAM/uPSEM,3,PSAM_rep3,947.5,43,DREADD_CNO:12 | LMO7_hCTZ:9 | PSAM_uPSEM:11 | EYFP_Control_Media:11,1.1907580769812767,0.3258478236898147,0.07297915301702546,False,0.05
38,PSAM/uPSEM__r6__sNA,PSAM_uPSEM,PSAM/uPSEM,6,PSAM_rep6,905.0,43,DREADD_CNO:12 | LMO7_hCTZ:9 | PSAM_uPSEM:11 | EYFP_Control_Media:11,1.1698497773025225,0.3335842473690783,0.08071557669628909,False,0.05
39,PSAM/uPSEM__r11__sNA,PSAM_uPSEM,PSAM/uPSEM,11,PSAM_rep11,895.0,43,DREADD_CNO:12 | LMO7_hCTZ:9 | PSAM_uPSEM:11 | EYFP_Control_Media:11,1.165092529442079,0.33536849128662993,0.0824998206138407,False,0.05
40,DREADD/CNO__r2__sNA,DREADD_CNO,DREADD/CNO,2,DREADD_rep2,1767.5,43,DREADD_CNO:11 | LMO7_hCTZ:9 | PSAM_uPSEM:12 | EYFP_Control_Media:11,1.1464960502037698,0.34242957274886426,0.08956090207607503,False,0.05
41,PSAM/uPSEM__r7__sNA,PSAM_uPSEM,PSAM/uPSEM,7,PSAM_rep7,842.5,43,DREADD_CNO:12 | LMO7_hCTZ:9 | PSAM_uPSEM:11 | EYFP_Control_Media:11,1.1411130753877774,0.34449934045484687,0.09163066978205764,False,0.05
42,DREADD/CNO__r8__sNA,DREADD_CNO,DREADD/CNO,8,DREADD_rep8,1795.0,43,DREADD_CNO:11 | LMO7_hCTZ:9 | PSAM_uPSEM:12 | EYFP_Control_Media:11,1.1312220966220639,0.3483329741255856,0.09546430345279638,False,0.05
43,DREADD/CNO__r1__sNA,DREADD_CNO,DREADD/CNO,1,DREADD_rep1,1907.5,43,DREADD_CNO:11 | LMO7_hCTZ:9 | PSAM_uPSEM:12 | EYFP_Control_Media:11,1.0732459313009601,0.37161393069877324,0.11874526002598401,False,0.05
44,DREADD/CNO__r6__sNA,DREADD_CNO,DREADD/CNO,6,DREADD_rep6,2135.0,43,DREADD_CNO:11 | LMO7_hCTZ:9 | PSAM_uPSEM:12 | EYFP_Control_Media:11,0.9767341511700925,0.4135617947057445,0.16069312403295527,False,0.05
